Start Time,Request Type,Latency,Response Code
1732162867742,POST,214,201
1732162867757,POST,200,201
1732162867766,POST,190,201
1732162867799,POST,158,201
1732162867749,POST,207,201
1732162867779,POST,181,201
1732162867763,POST,197,201
1732162867774,POST,186,201
1732162867739,POST,221,201
1732162867754,POST,207,201
1732162867767,POST,194,201
1732162867765,POST,199,201
1732162867782,POST,182,201
1732162867748,POST,217,201
1732162867785,POST,180,201
1732162867787,POST,183,201
1732162867758,POST,213,201
1732162867763,POST,209,201
1732162867750,POST,222,201
1732162867739,POST,234,201
1732162867757,POST,216,201
1732162867761,POST,212,201
1732162867740,POST,233,201
1732162867789,POST,184,201
1732162867770,POST,203,201
1732162867746,POST,227,201
1732162867755,POST,218,201
1732162867780,POST,193,201
1732162867735,POST,238,201
1732162867756,POST,217,201
1732162867781,POST,192,201
1732162867771,POST,202,201
1732162867784,POST,189,201
1732162867744,POST,230,201
1732162867747,POST,227,201
1732162867737,POST,237,201
1732162867761,POST,213,201
1732162867767,POST,207,201
1732162867758,POST,217,201
1732162867736,POST,239,201
1732162867788,POST,193,201
1732162867780,POST,202,201
1732162867748,POST,237,201
1732162867768,POST,217,201
1732162867741,POST,244,201
1732162867799,POST,187,201
1732162867772,POST,214,201
1732162867783,POST,203,201
1732162867764,POST,222,201
1732162867747,POST,239,201
1732162867759,POST,228,201
1732162867788,POST,199,201
1732162867778,POST,209,201
1732162867773,POST,215,201
1732162867766,POST,222,201
1732162867764,POST,224,201
1732162867743,POST,245,201
1732162867742,POST,246,201
1732162867745,POST,243,201
1732162867788,POST,200,201
1732162867734,POST,254,201
1732162867755,POST,234,201
1732162867789,POST,200,201
1732162867753,POST,237,201
1732162867957,POST,36,201
1732162867957,POST,36,201
1732162867960,POST,36,201
1732162867960,POST,38,201
1732162867957,POST,41,201
1732162867958,POST,41,201
1732162867961,POST,38,201
1732162867960,POST,39,201
1732162867960,POST,40,201
1732162867959,POST,41,201
1732162867964,POST,37,201
1732162867964,POST,37,201
1732162867961,POST,40,201
1732162867965,POST,36,201
1732162867965,POST,37,201
1732162867973,POST,38,201
1732162867971,POST,40,201
1732162867973,POST,46,201
1732162867970,POST,49,201
1732162867973,POST,55,201
1732162867972,POST,56,201
1732162867974,POST,54,201
1732162867972,POST,57,201
1732162867974,POST,55,201
1732162867973,POST,59,201
1732162867975,POST,61,201
1732162867974,POST,62,201
1732162867973,POST,63,201
1732162867974,POST,63,201
1732162867982,POST,55,201
1732162867974,POST,63,201
1732162867974,POST,63,201
1732162867973,POST,65,201
1732162867973,POST,65,201
1732162867973,POST,66,201
1732162867973,POST,66,201
1732162867981,POST,58,201
1732162867985,POST,54,201
1732162867975,POST,65,201
1732162867986,POST,54,201
1732162867986,POST,54,201
1732162867985,POST,55,201
1732162867986,POST,54,201
1732162867985,POST,55,201
1732162867986,POST,54,201
1732162867973,POST,67,201
1732162867973,POST,67,201
1732162867973,POST,68,201
1732162867973,POST,68,201
1732162867988,POST,59,201
1732162867988,POST,59,201
1732162867989,POST,58,201
1732162867988,POST,59,201
1732162867988,POST,60,201
1732162867988,POST,60,201
1732162867986,POST,62,201
1732162867987,POST,61,201
1732162867990,POST,59,201
1732162867999,POST,51,201
1732162867996,POST,54,201
1732162867988,POST,62,201
1732162867998,POST,52,201
1732162867999,POST,51,201
1732162867993,POST,57,201
1732162867988,POST,63,201
1732162867993,POST,58,201
1732162867988,POST,64,201
1732162867988,POST,66,201
1732162867998,POST,56,201
1732162867988,POST,66,201
1732162867989,POST,65,201
1732162868002,POST,52,201
1732162868000,POST,54,201
1732162868001,POST,53,201
1732162868001,POST,54,201
1732162868001,POST,54,201
1732162868001,POST,54,201
1732162868000,POST,55,201
1732162867999,POST,56,201
1732162868011,POST,47,201
1732162868011,POST,47,201
1732162868019,POST,42,201
1732162868019,POST,42,201
1732162868029,POST,33,201
1732162868028,POST,35,201
1732162868032,POST,31,201
1732162868029,POST,36,201
1732162868028,POST,37,201
1732162868028,POST,38,201
1732162868037,POST,35,201
1732162868037,POST,37,201
1732162868038,POST,41,201
1732162868036,POST,48,201
1732162868036,POST,48,201
1732162868040,POST,44,201
1732162868040,POST,44,201
1732162868037,POST,47,201
1732162868040,POST,45,201
1732162868040,POST,45,201
1732162868040,POST,45,201
1732162868040,POST,45,201
1732162868037,POST,48,201
1732162868040,POST,46,201
1732162868038,POST,48,201
1732162868039,POST,47,201
1732162868036,POST,50,201
1732162868039,POST,48,201
1732162868039,POST,48,201
1732162868041,POST,51,201
1732162868041,POST,51,201
1732162868040,POST,53,201
1732162868039,POST,54,201
1732162868041,POST,52,201
1732162868050,POST,54,201
1732162868050,POST,54,201
1732162868047,POST,57,201
1732162868050,POST,54,201
1732162868047,POST,57,201
1732162868048,POST,56,201
1732162868047,POST,57,201
1732162868047,POST,57,201
1732162868051,POST,53,201
1732162868048,POST,56,201
1732162868050,POST,55,201
1732162868050,POST,55,201
1732162868051,POST,54,201
1732162868048,POST,58,201
1732162868049,POST,57,201
1732162868048,POST,58,201
1732162868052,POST,59,201
1732162868051,POST,60,201
1732162868054,POST,57,201
1732162868058,POST,53,201
1732162868054,POST,57,201
1732162868054,POST,57,201
1732162868055,POST,57,201
1732162868058,POST,54,201
1732162868054,POST,58,201
1732162868055,POST,57,201
1732162868055,POST,57,201
1732162868054,POST,58,201
1732162868054,POST,58,201
1732162868055,POST,57,201
1732162868061,POST,51,201
1732162868054,POST,58,201
1732162868055,POST,57,201
1732162868063,POST,51,201
1732162868066,POST,48,201
1732162868065,POST,49,201
1732162868061,POST,53,201
1732162868063,POST,51,201
1732162868062,POST,52,201
1732162868065,POST,49,201
1732162868074,POST,42,201
1732162868072,POST,44,201
1732162868079,POST,38,201
1732162868085,POST,33,201
1732162868085,POST,38,201
1732162868086,POST,37,201
1732162868087,POST,37,201
1732162868084,POST,40,201
1732162868086,POST,44,201
1732162868085,POST,45,201
1732162868085,POST,45,201
1732162868084,POST,46,201
1732162868086,POST,44,201
1732162868086,POST,44,201
1732162868084,POST,46,201
1732162868093,POST,37,201
1732162868092,POST,38,201
1732162868085,POST,46,201
1732162868084,POST,47,201
1732162868087,POST,44,201
1732162868086,POST,45,201
1732162868092,POST,39,201
1732162868093,POST,38,201
1732162868093,POST,40,201
1732162868104,POST,36,201
1732162868104,POST,40,201
1732162868105,POST,39,201
1732162868104,POST,40,201
1732162868104,POST,47,201
1732162868104,POST,47,201
1732162868105,POST,46,201
1732162868104,POST,47,201
1732162868106,POST,45,201
1732162868104,POST,47,201
1732162868105,POST,46,201
1732162868106,POST,49,201
1732162868104,POST,51,201
1732162868106,POST,49,201
1732162868112,POST,50,201
1732162868114,POST,48,201
1732162868112,POST,50,201
1732162868114,POST,51,201
1732162868112,POST,54,201
1732162868112,POST,54,201
1732162868112,POST,54,201
1732162868111,POST,55,201
1732162868116,POST,50,201
1732162868111,POST,55,201
1732162868112,POST,54,201
1732162868114,POST,52,201
1732162868111,POST,55,201
1732162868114,POST,52,201
1732162868114,POST,52,201
1732162868114,POST,52,201
1732162868111,POST,55,201
1732162868112,POST,55,201
1732162868114,POST,53,201
1732162868111,POST,56,201
1732162868112,POST,55,201
1732162868111,POST,56,201
1732162868112,POST,58,201
1732162868112,POST,58,201
1732162868112,POST,62,201
1732162868116,POST,58,201
1732162868118,POST,56,201
1732162868117,POST,57,201
1732162868104,POST,70,201
1732162868104,POST,70,201
1732162868124,POST,50,201
1732162868123,POST,51,201
1732162868123,POST,51,201
1732162868124,POST,50,201
1732162868130,POST,44,201
1732162868130,POST,44,201
1732162868131,POST,44,201
1732162868130,POST,48,201
1732162868131,POST,47,201
1732162868130,POST,48,201
1732162868130,POST,51,201
1732162868130,POST,51,201
1732162868131,POST,54,201
1732162868131,POST,54,201
1732162868130,POST,57,201
1732162868131,POST,56,201
1732162868130,POST,57,201
1732162868131,POST,56,201
1732162868130,POST,58,201
1732162868140,POST,48,201
1732162868133,POST,55,201
1732162868144,POST,44,201
1732162868144,POST,44,201
1732162868151,POST,38,201
1732162868144,POST,45,201
1732162868151,POST,39,201
1732162868151,POST,39,201
1732162868151,POST,39,201
1732162868151,POST,40,201
1732162868151,POST,40,201
1732162868151,POST,40,201
1732162868155,POST,37,201
1732162868155,POST,37,201
1732162868155,POST,37,201
1732162868162,POST,31,201
1732162868162,POST,31,201
1732162868162,POST,32,201
1732162868166,POST,31,201
1732162868166,POST,42,201
1732162868167,POST,41,201
1732162868166,POST,50,201
1732162868166,POST,50,201
1732162868166,POST,50,201
1732162868166,POST,50,201
1732162868166,POST,51,201
1732162868166,POST,51,201
1732162868165,POST,52,201
1732162868166,POST,51,201
1732162868167,POST,50,201
1732162868166,POST,52,201
1732162868166,POST,52,201
1732162868167,POST,51,201
1732162868166,POST,52,201
1732162868166,POST,52,201
1732162868167,POST,51,201
1732162868167,POST,51,201
1732162868170,POST,48,201
1732162868170,POST,51,201
1732162868174,POST,48,201
1732162868174,POST,48,201
1732162868174,POST,48,201
1732162868174,POST,49,201
1732162868174,POST,50,201
1732162868174,POST,50,201
1732162868174,POST,50,201
1732162868174,POST,50,201
1732162868174,POST,50,201
1732162868175,POST,55,201
1732162868178,POST,52,201
1732162868178,POST,52,201
1732162868178,POST,52,201
1732162868174,POST,56,201
1732162868174,POST,56,201
1732162868174,POST,56,201
1732162868181,POST,51,201
1732162868185,POST,48,201
1732162868187,POST,46,201
1732162868181,POST,52,201
1732162868185,POST,48,201
1732162868187,POST,47,201
1732162868187,POST,47,201
1732162868187,POST,47,201
1732162868188,POST,46,201
1732162868191,POST,43,201
1732162868188,POST,47,201
1732162868189,POST,46,201
1732162868191,POST,44,201
1732162868191,POST,44,201
1732162868192,POST,43,201
1732162868192,POST,43,201
1732162868190,POST,46,201
1732162868192,POST,44,201
1732162868216,POST,37,201
1732162868218,POST,35,201
1732162868218,POST,35,201
1732162868217,POST,36,201
1732162868222,POST,33,201
1732162868224,POST,34,201
1732162868224,POST,34,201
1732162868262,POST,68,201
1732162868259,POST,71,201
1732162868260,POST,80,201
1732162868258,POST,82,201
1732162868258,POST,82,201
1732162868260,POST,80,201
1732162868263,POST,77,201
1732162868260,POST,80,201
1732162868259,POST,89,201
1732162868262,POST,88,201
1732162868265,POST,85,201
1732162868263,POST,88,201
1732162868264,POST,87,201
1732162868265,POST,86,201
1732162868261,POST,90,201
1732162868265,POST,90,201
1732162868267,POST,98,201
1732162868268,POST,97,201
1732162868269,POST,96,201
1732162868271,POST,94,201
1732162868266,POST,99,201
1732162868270,POST,96,201
1732162868267,POST,99,201
1732162868269,POST,97,201
1732162868276,POST,90,201
1732162868274,POST,92,201
1732162868271,POST,95,201
1732162868273,POST,93,201
1732162868278,POST,88,201
1732162868273,POST,93,201
1732162868272,POST,94,201
1732162868272,POST,94,201
1732162868274,POST,92,201
1732162868282,POST,84,201
1732162868274,POST,105,201
1732162868278,POST,102,201
1732162868277,POST,103,201
1732162868277,POST,103,201
1732162868278,POST,102,201
1732162868276,POST,104,201
1732162868278,POST,110,201
1732162868279,POST,109,201
1732162868278,POST,110,201
1732162868279,POST,109,201
1732162868277,POST,111,201
1732162868277,POST,111,201
1732162868278,POST,110,201
1732162868275,POST,115,201
1732162868279,POST,111,201
1732162868279,POST,111,201
1732162868283,POST,107,201
1732162868280,POST,110,201
1732162868277,POST,114,201
1732162868284,POST,107,201
1732162868274,POST,117,201
1732162868283,POST,108,201
1732162868289,POST,102,201
1732162868282,POST,109,201
1732162868281,POST,110,201
1732162868281,POST,110,201
1732162868281,POST,116,201
1732162868286,POST,111,201
1732162868285,POST,112,201
1732162868283,POST,114,201
1732162868292,POST,114,201
1732162868281,POST,125,201
1732162868289,POST,117,201
1732162868284,POST,122,201
1732162868283,POST,124,201
1732162868285,POST,122,201
1732162868280,POST,127,201
1732162868291,POST,116,201
1732162868290,POST,117,201
1732162868283,POST,124,201
1732162868284,POST,123,201
1732162868286,POST,121,201
1732162868285,POST,122,201
1732162868286,POST,121,201
1732162868284,POST,123,201
1732162868292,POST,115,201
1732162868286,POST,121,201
1732162868291,POST,116,201
1732162868290,POST,117,201
1732162868289,POST,118,201
1732162868297,POST,110,201
1732162868288,POST,119,201
1732162868293,POST,114,201
1732162868291,POST,116,201
1732162868291,POST,116,201
1732162868287,POST,121,201
1732162868287,POST,121,201
1732162868295,POST,114,201
1732162868291,POST,118,201
1732162868288,POST,121,201
1732162868290,POST,119,201
1732162868288,POST,121,201
1732162868289,POST,125,201
1732162868296,POST,118,201
1732162868292,POST,122,201
1732162868296,POST,118,201
1732162868290,POST,124,201
1732162868340,POST,80,201
1732162868297,POST,123,201
1732162868300,POST,120,201
1732162868296,POST,124,201
1732162868302,POST,118,201
1732162868299,POST,121,201
1732162868294,POST,126,201
1732162868297,POST,123,201
1732162868297,POST,123,201
1732162868330,POST,91,201
1732162868302,POST,119,201
1732162868296,POST,125,201
1732162868296,POST,125,201
1732162868299,POST,122,201
1732162868330,POST,91,201
1732162868297,POST,124,201
1732162868300,POST,121,201
1732162868295,POST,126,201
1732162868296,POST,125,201
1732162868295,POST,126,201
1732162868303,POST,119,201
1732162868296,POST,126,201
1732162868298,POST,124,201
1732162868300,POST,122,201
1732162868303,POST,119,201
1732162868303,POST,119,201
1732162868299,POST,123,201
1732162868340,POST,82,201
1732162868298,POST,124,201
1732162868301,POST,132,201
1732162868302,POST,131,201
1732162868301,POST,132,201
1732162868301,POST,134,201
1732162868297,POST,138,201
1732162868340,POST,109,201
1732162868299,POST,151,201
1732162868300,POST,150,201
1732162868298,POST,152,201
1732162868299,POST,151,201
1732162868300,POST,150,201
1732162868340,POST,110,201
1732162868303,POST,148,201
1732162868319,POST,132,201
1732162868323,POST,128,201
1732162868323,POST,128,201
1732162868314,POST,137,201
1732162868323,POST,128,201
1732162868319,POST,132,201
1732162868355,POST,96,201
1732162868320,POST,132,201
1732162868301,POST,151,201
1732162868315,POST,137,201
1732162868303,POST,149,201
1732162868320,POST,132,201
1732162868319,POST,133,201
1732162868320,POST,132,201
1732162868324,POST,128,201
1732162868314,POST,138,201
1732162868316,POST,136,201
1732162868317,POST,136,201
1732162868324,POST,129,201
1732162868351,POST,102,201
1732162868340,POST,113,201
1732162868320,POST,133,201
1732162868323,POST,130,201
1732162868340,POST,113,201
1732162868320,POST,133,201
1732162868317,POST,137,201
1732162868321,POST,139,201
1732162868322,POST,138,201
1732162868317,POST,143,201
1732162868348,POST,112,201
1732162868313,POST,147,201
1732162868351,POST,109,201
1732162868317,POST,143,201
1732162868303,POST,157,201
1732162868319,POST,141,201
1732162868319,POST,141,201
1732162868324,POST,136,201
1732162868351,POST,109,201
1732162868319,POST,141,201
1732162868351,POST,109,201
1732162868314,POST,147,201
1732162868314,POST,147,201
1732162868316,POST,145,201
1732162868318,POST,143,201
1732162868315,POST,146,201
1732162868316,POST,145,201
1732162868350,POST,111,201
1732162868314,POST,147,201
1732162868323,POST,138,201
1732162868325,POST,136,201
1732162868314,POST,148,201
1732162868323,POST,139,201
1732162868317,POST,145,201
1732162868324,POST,138,201
1732162868316,POST,146,201
1732162868350,POST,112,201
1732162868324,POST,138,201
1732162868330,POST,132,201
1732162868335,POST,127,201
1732162868338,POST,124,201
1732162868380,POST,82,201
1732162868380,POST,82,201
1732162868327,POST,135,201
1732162868344,POST,118,201
1732162868380,POST,82,201
1732162868366,POST,96,201
1732162868320,POST,143,201
1732162868337,POST,126,201
1732162868324,POST,139,201
1732162868328,POST,135,201
1732162868326,POST,137,201
1732162868342,POST,121,201
1732162868365,POST,102,201
1732162868365,POST,102,201
1732162868327,POST,145,201
1732162868334,POST,139,201
1732162868337,POST,136,201
1732162868365,POST,142,201
1732162868388,POST,119,201
1732162868329,POST,178,201
1732162868328,POST,179,201
1732162868346,POST,164,201
1732162868379,POST,131,201
1732162868366,POST,144,201
1732162868347,POST,163,201
1732162868380,POST,131,201
1732162868326,POST,185,201
1732162868316,POST,195,201
1732162868350,POST,161,201
1732162868366,POST,145,201
1732162868380,POST,131,201
1732162868329,POST,182,201
1732162868365,POST,147,201
1732162868342,POST,170,201
1732162868366,POST,152,201
1732162868366,POST,152,201
1732162868336,POST,182,201
1732162868335,POST,183,201
1732162868347,POST,171,201
1732162868366,POST,152,201
1732162868333,POST,185,201
1732162868328,POST,190,201
1732162868337,POST,181,201
1732162868329,POST,189,201
1732162868339,POST,180,201
1732162868388,POST,131,201
1732162868388,POST,131,201
1732162868335,POST,184,201
1732162868346,POST,173,201
1732162868366,POST,153,201
1732162868388,POST,132,201
1732162868345,POST,175,201
1732162868366,POST,154,201
1732162868337,POST,183,201
1732162868329,POST,191,201
1732162868366,POST,154,201
1732162868366,POST,154,201
1732162868327,POST,193,201
1732162868353,POST,167,201
1732162868365,POST,155,201
1732162868345,POST,175,201
1732162868335,POST,185,201
1732162868335,POST,185,201
1732162868354,POST,166,201
1732162868344,POST,177,201
1732162868336,POST,185,201
1732162868366,POST,155,201
1732162868343,POST,178,201
1732162868388,POST,133,201
1732162868345,POST,176,201
1732162868344,POST,177,201
1732162868344,POST,177,201
1732162868329,POST,192,201
1732162868388,POST,133,201
1732162868330,POST,191,201
1732162868346,POST,177,201
1732162868335,POST,188,201
1732162868343,POST,180,201
1732162868342,POST,181,201
1732162868366,POST,164,201
1732162868326,POST,204,201
1732162868336,POST,194,201
1732162868366,POST,164,201
1732162868343,POST,187,201
1732162868327,POST,204,201
1732162868327,POST,204,201
1732162868334,POST,197,201
1732162868341,POST,190,201
1732162868343,POST,188,201
1732162868328,POST,203,201
1732162868343,POST,188,201
1732162868354,POST,177,201
1732162868329,POST,202,201
1732162868341,POST,190,201
1732162868328,POST,203,201
1732162868335,POST,197,201
1732162868327,POST,205,201
1732162868327,POST,205,201
1732162868353,POST,179,201
1732162868344,POST,188,201
1732162868328,POST,204,201
1732162868388,POST,144,201
1732162868325,POST,207,201
1732162868343,POST,189,201
1732162868336,POST,196,201
1732162868345,POST,188,201
1732162868334,POST,199,201
1732162868357,POST,176,201
1732162868390,POST,143,201
1732162868359,POST,174,201
1732162868390,POST,143,201
1732162868420,POST,114,201
1732162868346,POST,188,201
1732162868349,POST,185,201
1732162868350,POST,184,201
1732162868339,POST,195,201
1732162868420,POST,114,201
1732162868391,POST,143,201
1732162868473,POST,84,201
1732162868407,POST,150,201
1732162868391,POST,166,201
1732162868472,POST,85,201
1732162868407,POST,160,201
1732162868391,POST,176,201
1732162868420,POST,149,201
1732162868391,POST,178,201
1732162868420,POST,149,201
1732162868391,POST,178,201
1732162868397,POST,172,201
1732162868421,POST,148,201
1732162868359,POST,210,201
1732162868358,POST,212,201
1732162868422,POST,148,201
1732162868407,POST,163,201
1732162868407,POST,163,201
1732162868414,POST,156,201
1732162868353,POST,217,201
1732162868352,POST,218,201
1732162868414,POST,156,201
1732162868358,POST,212,201
1732162868421,POST,149,201
1732162868421,POST,149,201
1732162868397,POST,173,201
1732162868397,POST,173,201
1732162868357,POST,214,201
1732162868353,POST,218,201
1732162868422,POST,149,201
1732162868406,POST,165,201
1732162868422,POST,149,201
1732162868358,POST,213,201
1732162868397,POST,176,201
1732162868359,POST,214,201
1732162868350,POST,223,201
1732162868359,POST,215,201
1732162868408,POST,166,201
1732162868422,POST,152,201
1732162868421,POST,153,201
1732162868422,POST,152,201
1732162868358,POST,216,201
1732162868421,POST,153,201
1732162868422,POST,152,201
1732162868421,POST,153,201
1732162868407,POST,167,201
1732162868358,POST,217,201
1732162868407,POST,170,201
1732162868423,POST,154,201
1732162868407,POST,170,201
1732162868407,POST,170,201
1732162868407,POST,170,201
1732162868422,POST,155,201
1732162868361,POST,216,201
1732162868407,POST,170,201
1732162868357,POST,220,201
1732162868421,POST,156,201
1732162868422,POST,155,201
1732162868407,POST,170,201
1732162868407,POST,171,201
1732162868358,POST,225,201
1732162868407,POST,176,201
1732162868421,POST,162,201
1732162868421,POST,162,201
1732162868359,POST,224,201
1732162868407,POST,177,201
1732162868421,POST,163,201
1732162868421,POST,163,201
1732162868359,POST,225,201
1732162868391,POST,193,201
1732162868409,POST,175,201
1732162868433,POST,151,201
1732162868360,POST,224,201
1732162868407,POST,177,201
1732162868408,POST,176,201
1732162868407,POST,177,201
1732162868407,POST,177,201
1732162868359,POST,225,201
1732162868420,POST,164,201
1732162868420,POST,164,201
1732162868409,POST,176,201
1732162868407,POST,178,201
1732162868349,POST,236,201
1732162868433,POST,153,201
1732162868409,POST,177,201
1732162868357,POST,229,201
1732162868390,POST,196,201
1732162868358,POST,228,201
1732162868409,POST,177,201
1732162868391,POST,196,201
1732162868409,POST,178,201
1732162868414,POST,173,201
1732162868360,POST,227,201
1732162868360,POST,227,201
1732162868407,POST,180,201
1732162868357,POST,230,201
1732162868435,POST,152,201
1732162868433,POST,154,201
1732162868435,POST,152,201
1732162868390,POST,198,201
1732162868360,POST,228,201
1732162868407,POST,181,201
1732162868420,POST,168,201
1732162868391,POST,197,201
1732162868407,POST,181,201
1732162868359,POST,229,201
1732162868360,POST,228,201
1732162868421,POST,168,201
1732162868414,POST,175,201
1732162868354,POST,235,201
1732162868420,POST,203,201
1732162868406,POST,217,201
1732162868406,POST,218,201
1732162868406,POST,218,201
1732162868454,POST,170,201
1732162868390,POST,234,201
1732162868353,POST,271,201
1732162868462,POST,162,201
1732162868414,POST,210,201
1732162868462,POST,162,201
1732162868462,POST,164,201
1732162868462,POST,164,201
1732162868451,POST,175,201
1732162868462,POST,164,201
1732162868462,POST,164,201
1732162868463,POST,163,201
1732162868453,POST,173,201
1732162868462,POST,164,201
1732162868453,POST,173,201
1732162868453,POST,173,201
1732162868462,POST,164,201
1732162868462,POST,164,201
1732162868463,POST,164,201
1732162868463,POST,164,201
1732162868451,POST,176,201
1732162868451,POST,176,201
1732162868463,POST,164,201
1732162868451,POST,178,201
1732162868463,POST,166,201
1732162868467,POST,162,201
1732162868451,POST,178,201
1732162868467,POST,162,201
1732162868511,POST,118,201
1732162868451,POST,178,201
1732162868512,POST,117,201
1732162868511,POST,118,201
1732162868511,POST,119,201
1732162868511,POST,119,201
1732162868511,POST,119,201
1732162868450,POST,180,201
1732162868510,POST,120,201
1732162868452,POST,178,201
1732162868510,POST,120,201
1732162868461,POST,169,201
1732162868510,POST,120,201
1732162868521,POST,116,201
1732162868452,POST,185,201
1732162868512,POST,125,201
1732162868452,POST,185,201
1732162868452,POST,185,201
1732162868521,POST,116,201
1732162868507,POST,130,201
1732162868519,POST,118,201
1732162868510,POST,127,201
1732162868507,POST,130,201
1732162868521,POST,117,201
1732162868453,POST,185,201
1732162868521,POST,117,201
1732162868453,POST,185,201
1732162868523,POST,115,201
1732162868511,POST,127,201
1732162868521,POST,117,201
1732162868521,POST,118,201
1732162868452,POST,187,201
1732162868452,POST,187,201
1732162868521,POST,118,201
1732162868521,POST,118,201
1732162868523,POST,116,201
1732162868507,POST,132,201
1732162868523,POST,116,201
1732162868507,POST,132,201
1732162868451,POST,188,201
1732162868521,POST,118,201
1732162868473,POST,166,201
1732162868523,POST,116,201
1732162868451,POST,188,201
1732162868453,POST,215,201
1732162868453,POST,215,201
1732162868520,POST,148,201
1732162868460,POST,208,201
1732162868520,POST,148,201
1732162868520,POST,148,201
1732162868460,POST,208,201
1732162868453,POST,215,201
1732162868460,POST,208,201
1732162868460,POST,208,201
1732162868452,POST,216,201
1732162868520,POST,148,201
1732162868461,POST,207,201
1732162868520,POST,148,201
1732162868461,POST,207,201
1732162868460,POST,208,201
1732162868520,POST,148,201
1732162868520,POST,148,201
1732162868520,POST,148,201
1732162868520,POST,148,201
1732162868518,POST,150,201
1732162868520,POST,148,201
1732162868518,POST,150,201
1732162868518,POST,151,201
1732162868453,POST,216,201
1732162868460,POST,209,201
1732162868460,POST,209,201
1732162868519,POST,150,201
1732162868452,POST,217,201
1732162868520,POST,149,201
1732162868460,POST,209,201
1732162868460,POST,210,201
1732162868460,POST,210,201
1732162868518,POST,153,201
1732162868518,POST,153,201
1732162868518,POST,153,201
1732162868521,POST,151,201
1732162868520,POST,154,201
1732162868521,POST,154,201
1732162868518,POST,157,201
1732162868518,POST,157,201
1732162868452,POST,224,201
1732162868520,POST,156,201
1732162868520,POST,156,201
1732162868460,POST,217,201
1732162868519,POST,158,201
1732162868461,POST,216,201
1732162868519,POST,158,201
1732162868460,POST,217,201
1732162868518,POST,159,201
1732162868449,POST,228,201
1732162868450,POST,227,201
1732162868519,POST,158,201
1732162868462,POST,215,201
1732162868461,POST,216,201
1732162868463,POST,214,201
1732162868533,POST,144,201
1732162868533,POST,144,201
1732162868462,POST,215,201
1732162868460,POST,218,201
1732162868462,POST,216,201
1732162868462,POST,216,201
1732162868450,POST,228,201
1732162868450,POST,228,201
1732162868462,POST,216,201
1732162868462,POST,216,201
1732162868461,POST,217,201
1732162868519,POST,159,201
1732162868450,POST,228,201
1732162868461,POST,217,201
1732162868461,POST,217,201
1732162868462,POST,216,201
1732162868461,POST,217,201
1732162868461,POST,217,201
1732162868511,POST,167,201
1732162868460,POST,218,201
1732162868533,POST,145,201
1732162868450,POST,229,201
1732162868569,POST,117,201
1732162868567,POST,119,201
1732162868534,POST,152,201
1732162868571,POST,115,201
1732162868557,POST,129,201
1732162868569,POST,118,201
1732162868531,POST,156,201
1732162868557,POST,130,201
1732162868571,POST,116,201
1732162868570,POST,117,201
1732162868557,POST,130,201
1732162868567,POST,120,201
1732162868570,POST,117,201
1732162868570,POST,117,201
1732162868557,POST,130,201
1732162868570,POST,117,201
1732162868573,POST,114,201
1732162868569,POST,118,201
1732162868570,POST,117,201
1732162868571,POST,116,201
1732162868571,POST,117,201
1732162868584,POST,104,201
1732162868569,POST,119,201
1732162868570,POST,118,201
1732162868569,POST,119,201
1732162868570,POST,118,201
1732162868570,POST,118,201
1732162868570,POST,118,201
1732162868570,POST,118,201
1732162868518,POST,171,201
1732162868571,POST,118,201
1732162868571,POST,118,201
1732162868573,POST,116,201
1732162868534,POST,155,201
1732162868534,POST,155,201
1732162868570,POST,119,201
1732162868573,POST,116,201
1732162868570,POST,119,201
1732162868569,POST,120,201
1732162868533,POST,156,201
1732162868574,POST,138,201
1732162868574,POST,138,201
1732162868574,POST,169,201
1732162868574,POST,169,201
1732162868569,POST,174,201
1732162868574,POST,169,201
1732162868570,POST,173,201
1732162868574,POST,169,201
1732162868574,POST,169,201
1732162868574,POST,169,201
1732162868574,POST,169,201
1732162868575,POST,169,201
1732162868577,POST,171,201
1732162868577,POST,171,201
1732162868577,POST,172,201
1732162868577,POST,172,201
1732162868577,POST,172,201
1732162868577,POST,172,201
1732162868577,POST,172,201
1732162868577,POST,172,201
1732162868577,POST,172,201
1732162868577,POST,172,201
1732162868578,POST,171,201
1732162868577,POST,172,201
1732162868577,POST,172,201
1732162868585,POST,164,201
1732162868534,POST,217,201
1732162868584,POST,167,201
1732162868531,POST,220,201
1732162868531,POST,220,201
1732162868587,POST,164,201
1732162868587,POST,164,201
1732162868587,POST,164,201
1732162868586,POST,165,201
1732162868588,POST,163,201
1732162868587,POST,164,201
1732162868587,POST,165,201
1732162868587,POST,165,201
1732162868587,POST,165,201
1732162868587,POST,165,201
1732162868587,POST,165,201
1732162868532,POST,220,201
1732162868530,POST,222,201
1732162868532,POST,220,201
1732162868531,POST,221,201
1732162868532,POST,220,201
1732162868588,POST,165,201
1732162868588,POST,165,201
1732162868589,POST,164,201
1732162868532,POST,221,201
1732162868531,POST,222,201
1732162868589,POST,165,201
1732162868589,POST,165,201
1732162868534,POST,220,201
1732162868574,POST,180,201
1732162868624,POST,130,201
1732162868532,POST,222,201
1732162868530,POST,224,201
1732162868530,POST,224,201
1732162868530,POST,224,201
1732162868626,POST,129,201
1732162868532,POST,223,201
1732162868533,POST,222,201
1732162868626,POST,129,201
1732162868532,POST,223,201
1732162868624,POST,131,201
1732162868533,POST,222,201
1732162868626,POST,130,201
1732162868626,POST,130,201
1732162868626,POST,130,201
1732162868624,POST,132,201
1732162868637,POST,119,201
1732162868626,POST,130,201
1732162868626,POST,130,201
1732162868626,POST,130,201
1732162868626,POST,130,201
1732162868626,POST,130,201
1732162868626,POST,130,201
1732162868627,POST,129,201
1732162868626,POST,130,201
1732162868629,POST,127,201
1732162868627,POST,131,201
1732162868627,POST,131,201
1732162868627,POST,131,201
1732162868627,POST,131,201
1732162868629,POST,129,201
1732162868629,POST,129,201
1732162868629,POST,129,201
1732162868629,POST,129,201
1732162868629,POST,129,201
1732162868530,POST,228,201
1732162868629,POST,129,201
1732162868629,POST,129,201
1732162868629,POST,129,201
1732162868630,POST,129,201
1732162868630,POST,129,201
1732162868630,POST,133,201
1732162868630,POST,133,201
1732162868586,POST,177,201
1732162868532,POST,231,201
1732162868585,POST,178,201
1732162868586,POST,177,201
1732162868630,POST,133,201
1732162868531,POST,232,201
1732162868531,POST,232,201
1732162868531,POST,233,201
1732162868588,POST,176,201
1732162868531,POST,233,201
1732162868531,POST,233,201
1732162868588,POST,177,201
1732162868531,POST,234,201
1732162868532,POST,233,201
1732162868586,POST,179,201
1732162868586,POST,190,201
1732162868588,POST,189,201
1732162868588,POST,189,201
1732162868532,POST,245,201
1732162868588,POST,189,201
1732162868587,POST,190,201
1732162868534,POST,243,201
1732162868584,POST,193,201
1732162868585,POST,192,201
1732162868534,POST,243,201
1732162868584,POST,194,201
1732162868583,POST,195,201
1732162868584,POST,194,201
1732162868583,POST,195,201
1732162868585,POST,193,201
1732162868584,POST,194,201
1732162868584,POST,194,201
1732162868583,POST,195,201
1732162868584,POST,194,201
1732162868583,POST,195,201
1732162868584,POST,194,201
1732162868584,POST,194,201
1732162868584,POST,195,201
1732162868584,POST,195,201
1732162868586,POST,193,201
1732162868583,POST,196,201
1732162868584,POST,195,201
1732162868584,POST,195,201
1732162868624,POST,201,201
1732162868637,POST,188,201
1732162868639,POST,186,201
1732162868639,POST,186,201
1732162868639,POST,186,201
1732162868639,POST,186,201
1732162868638,POST,187,201
1732162868638,POST,187,201
1732162868639,POST,186,201
1732162868639,POST,187,201
1732162868637,POST,189,201
1732162868639,POST,187,201
1732162868639,POST,187,201
1732162868637,POST,189,201
1732162868637,POST,189,201
1732162868638,POST,188,201
1732162868638,POST,188,201
1732162868639,POST,187,201
1732162868639,POST,187,201
1732162868630,POST,196,201
1732162868630,POST,196,201
1732162868637,POST,190,201
1732162868639,POST,188,201
1732162868638,POST,189,201
1732162868637,POST,190,201
1732162868677,POST,150,201
1732162868623,POST,204,201
1732162868624,POST,204,201
1732162868639,POST,189,201
1732162868639,POST,189,201
1732162868623,POST,205,201
1732162868639,POST,189,201
1732162868637,POST,191,201
1732162868638,POST,190,201
1732162868624,POST,204,201
1732162868638,POST,190,201
1732162868689,POST,139,201
1732162868688,POST,140,201
1732162868678,POST,151,201
1732162868637,POST,192,201
1732162868630,POST,199,201
1732162868677,POST,152,201
1732162868686,POST,143,201
1732162868624,POST,205,201
1732162868624,POST,205,201
1732162868687,POST,142,201
1732162868637,POST,192,201
1732162868687,POST,142,201
1732162868689,POST,140,201
1732162868689,POST,140,201
1732162868689,POST,140,201
1732162868688,POST,141,201
1732162868686,POST,144,201
1732162868688,POST,142,201
1732162868686,POST,144,201
1732162868687,POST,143,201
1732162868686,POST,144,201
1732162868687,POST,144,201
1732162868687,POST,144,201
1732162868687,POST,144,201
1732162868687,POST,144,201
1732162868687,POST,144,201
1732162868687,POST,153,201
1732162868688,POST,152,201
1732162868687,POST,153,201
1732162868688,POST,152,201
1732162868688,POST,152,201
1732162868687,POST,153,201
1732162868687,POST,153,201
1732162868688,POST,153,201
1732162868687,POST,154,201
1732162868689,POST,152,201
1732162868688,POST,153,201
1732162868689,POST,152,201
1732162868689,POST,152,201
1732162868689,POST,153,201
1732162868687,POST,155,201
1732162868688,POST,154,201
1732162868686,POST,156,201
1732162868676,POST,166,201
1732162868689,POST,153,201
1732162868689,POST,153,201
1732162868687,POST,155,201
1732162868712,POST,130,201
1732162868669,POST,173,201
1732162868712,POST,130,201
1732162868675,POST,167,201
1732162868674,POST,168,201
1732162868672,POST,170,201
1732162868668,POST,174,201
1732162868669,POST,173,201
1732162868669,POST,173,201
1732162868676,POST,166,201
1732162868668,POST,174,201
1732162868676,POST,168,201
1732162868668,POST,176,201
1732162868668,POST,176,201
1732162868668,POST,176,201
1732162868668,POST,176,201
1732162868668,POST,176,201
1732162868668,POST,176,201
1732162868668,POST,176,201
1732162868668,POST,176,201
1732162868668,POST,176,201
1732162868668,POST,176,201
1732162868668,POST,176,201
1732162868668,POST,176,201
1732162868668,POST,177,201
1732162868668,POST,177,201
1732162868668,POST,177,201
1732162868668,POST,177,201
1732162868668,POST,177,201
1732162868669,POST,176,201
1732162868668,POST,178,201
1732162868630,POST,216,201
1732162868668,POST,178,201
1732162868675,POST,171,201
1732162868671,POST,175,201
1732162868671,POST,175,201
1732162868670,POST,176,201
1732162868671,POST,175,201
1732162868669,POST,177,201
1732162868668,POST,178,201
1732162868669,POST,177,201
1732162868677,POST,169,201
1732162868670,POST,176,201
1732162868670,POST,176,201
1732162868678,POST,168,201
1732162868675,POST,171,201
1732162868669,POST,177,201
1732162868678,POST,169,201
1732162868689,POST,158,201
1732162868677,POST,170,201
1732162868677,POST,170,201
1732162868677,POST,170,201
1732162868677,POST,170,201
1732162868677,POST,170,201
1732162868678,POST,169,201
1732162868677,POST,170,201
1732162868678,POST,169,201
1732162868668,POST,179,201
1732162868678,POST,169,201
1732162868678,POST,169,201
1732162868678,POST,199,201
1732162868678,POST,199,201
1732162868677,POST,200,201
1732162868754,POST,141,201
1732162868677,POST,218,201
1732162868755,POST,140,201
1732162868678,POST,218,201
1732162868678,POST,218,201
1732162868679,POST,217,201
1732162868678,POST,219,201
1732162868678,POST,219,201
1732162868678,POST,219,201
1732162868678,POST,219,201
1732162868756,POST,142,201
1732162868677,POST,221,201
1732162868756,POST,142,201
1732162868677,POST,222,201
1732162868678,POST,221,201
1732162868678,POST,221,201
1732162868677,POST,222,201
1732162868678,POST,221,201
1732162868756,POST,143,201
1732162868756,POST,143,201
1732162868755,POST,144,201
1732162868756,POST,144,201
1732162868756,POST,144,201
1732162868779,POST,124,201
1732162868756,POST,150,201
1732162868756,POST,150,201
1732162868756,POST,150,201
1732162868756,POST,150,201
1732162868756,POST,150,201
1732162868755,POST,151,201
1732162868756,POST,150,201
1732162868756,POST,150,201
1732162868779,POST,128,201
1732162868758,POST,149,201
1732162868754,POST,153,201
1732162868758,POST,149,201
1732162868779,POST,128,201
1732162868758,POST,149,201
1732162868758,POST,149,201
1732162868744,POST,163,201
1732162868758,POST,149,201
1732162868779,POST,128,201
1732162868743,POST,164,201
1732162868778,POST,129,201
1732162868758,POST,149,201
1732162868758,POST,149,201
1732162868758,POST,150,201
1732162868743,POST,165,201
1732162868758,POST,150,201
1732162868779,POST,129,201
1732162868763,POST,145,201
1732162868751,POST,157,201
1732162868778,POST,130,201
1732162868778,POST,130,201
1732162868751,POST,157,201
1732162868749,POST,160,201
1732162868749,POST,160,201
1732162868749,POST,160,201
1732162868749,POST,160,201
1732162868749,POST,160,201
1732162868749,POST,160,201
1732162868749,POST,160,201
1732162868758,POST,151,201
1732162868749,POST,160,201
1732162868749,POST,161,201
1732162868743,POST,167,201
1732162868743,POST,167,201
1732162868743,POST,167,201
1732162868743,POST,167,201
1732162868743,POST,167,201
1732162868743,POST,167,201
1732162868763,POST,148,201
1732162868763,POST,148,201
1732162868743,POST,168,201
1732162868759,POST,152,201
1732162868759,POST,152,201
1732162868763,POST,148,201
1732162868758,POST,153,201
1732162868758,POST,153,201
1732162868749,POST,163,201
1732162868678,POST,234,201
1732162868779,POST,133,201
1732162868748,POST,164,201
1732162868749,POST,163,201
1732162868749,POST,163,201
1732162868756,POST,157,201
1732162868778,POST,141,201
1732162868763,POST,156,201
1732162868778,POST,141,201
1732162868778,POST,141,201
1732162868778,POST,141,201
1732162868778,POST,141,201
1732162868778,POST,141,201
1732162868778,POST,141,201
1732162868778,POST,142,201
1732162868777,POST,143,201
1732162868777,POST,143,201
1732162868777,POST,143,201
1732162868778,POST,142,201
1732162868765,POST,155,201
1732162868777,POST,143,201
1732162868777,POST,143,201
1732162868777,POST,143,201
1732162868764,POST,156,201
1732162868777,POST,143,201
1732162868777,POST,143,201
1732162868763,POST,157,201
1732162868777,POST,144,201
1732162868776,POST,145,201
1732162868765,POST,156,201
1732162868765,POST,156,201
1732162868763,POST,158,201
1732162868765,POST,156,201
1732162868752,POST,169,201
1732162868751,POST,170,201
1732162868764,POST,157,201
1732162868751,POST,171,201
1732162868764,POST,158,201
1732162868764,POST,158,201
1732162868763,POST,159,201
1732162868752,POST,170,201
1732162868752,POST,170,201
1732162868752,POST,170,201
1732162868751,POST,171,201
1732162868751,POST,171,201
1732162868752,POST,170,201
1732162868752,POST,170,201
1732162868752,POST,170,201
1732162868752,POST,170,201
1732162868751,POST,172,201
1732162868763,POST,160,201
1732162868751,POST,172,201
1732162868753,POST,180,201
1732162868752,POST,181,201
1732162868752,POST,181,201
1732162868758,POST,175,201
1732162868748,POST,185,201
1732162868754,POST,179,201
1732162868751,POST,182,201
1732162868751,POST,183,201
1732162868755,POST,179,201
1732162868754,POST,180,201
1732162868754,POST,180,201
1732162868753,POST,181,201
1732162868753,POST,181,201
1732162868753,POST,181,201
1732162868754,POST,180,201
1732162868754,POST,180,201
1732162868754,POST,180,201
1732162868753,POST,219,201
1732162868830,POST,143,201
1732162868754,POST,219,201
1732162868755,POST,218,201
1732162868755,POST,218,201
1732162868829,POST,145,201
1732162868829,POST,146,201
1732162868829,POST,146,201
1732162868828,POST,147,201
1732162868829,POST,146,201
1732162868755,POST,220,201
1732162868829,POST,146,201
1732162868829,POST,146,201
1732162868828,POST,152,201
1732162868831,POST,149,201
1732162868830,POST,150,201
1732162868826,POST,154,201
1732162868825,POST,155,201
1732162868831,POST,149,201
1732162868829,POST,151,201
1732162868826,POST,154,201
1732162868826,POST,155,201
1732162868831,POST,150,201
1732162868830,POST,151,201
1732162868830,POST,151,201
1732162868829,POST,153,201
1732162868829,POST,153,201
1732162868829,POST,154,201
1732162868831,POST,152,201
1732162868825,POST,158,201
1732162868826,POST,157,201
1732162868826,POST,157,201
1732162868830,POST,153,201
1732162868827,POST,156,201
1732162868827,POST,159,201
1732162868827,POST,159,201
1732162868826,POST,163,201
1732162868826,POST,163,201
1732162868826,POST,163,201
1732162868827,POST,162,201
1732162868826,POST,163,201
1732162868829,POST,161,201
1732162868825,POST,165,201
1732162868828,POST,162,201
1732162868826,POST,164,201
1732162868825,POST,165,201
1732162868825,POST,165,201
1732162868826,POST,164,201
1732162868827,POST,164,201
1732162868825,POST,166,201
1732162868828,POST,163,201
1732162868825,POST,166,201
1732162868825,POST,166,201
1732162868826,POST,165,201
1732162868828,POST,163,201
1732162868825,POST,166,201
1732162868829,POST,162,201
1732162868828,POST,163,201
1732162868828,POST,163,201
1732162868828,POST,163,201
1732162868841,POST,150,201
1732162868840,POST,151,201
1732162868829,POST,162,201
1732162868828,POST,164,201
1732162868840,POST,152,201
1732162868840,POST,152,201
1732162868841,POST,151,201
1732162868827,POST,165,201
1732162868828,POST,164,201
1732162868829,POST,163,201
1732162868841,POST,151,201
1732162868828,POST,165,201
1732162868842,POST,151,201
1732162868841,POST,152,201
1732162868842,POST,151,201
1732162868846,POST,147,201
1732162868840,POST,153,201
1732162868840,POST,153,201
1732162868840,POST,153,201
1732162868842,POST,151,201
1732162868842,POST,151,201
1732162868842,POST,151,201
1732162868840,POST,153,201
1732162868842,POST,152,201
1732162868841,POST,153,201
1732162868842,POST,152,201
1732162868842,POST,152,201
1732162868841,POST,153,201
1732162868842,POST,152,201
1732162868842,POST,152,201
1732162868842,POST,152,201
1732162868842,POST,159,201
1732162868842,POST,164,201
1732162868845,POST,161,201
1732162868844,POST,162,201
1732162868844,POST,163,201
1732162868842,POST,165,201
1732162868844,POST,163,201
1732162868844,POST,163,201
1732162868842,POST,165,201
1732162868842,POST,165,201
1732162868844,POST,163,201
1732162868831,POST,176,201
1732162868842,POST,165,201
1732162868844,POST,163,201
1732162868842,POST,165,201
1732162868844,POST,163,201
1732162868846,POST,162,201
1732162868844,POST,164,201
1732162868844,POST,164,201
1732162868845,POST,163,201
1732162868844,POST,164,201
1732162868845,POST,164,201
1732162868846,POST,163,201
1732162868847,POST,163,201
1732162868846,POST,164,201
1732162868846,POST,164,201
1732162868846,POST,164,201
1732162868847,POST,163,201
1732162868846,POST,164,201
1732162868846,POST,164,201
1732162868846,POST,164,201
1732162868846,POST,164,201
1732162868846,POST,165,201
1732162868846,POST,165,201
1732162868845,POST,166,201
1732162868847,POST,164,201
1732162868846,POST,165,201
1732162868844,POST,167,201
1732162868846,POST,166,201
1732162868847,POST,165,201
1732162868846,POST,166,201
1732162868845,POST,167,201
1732162868847,POST,165,201
1732162868847,POST,165,201
1732162868847,POST,165,201
1732162868844,POST,168,201
1732162868844,POST,169,201
1732162868847,POST,166,201
1732162868842,POST,171,201
1732162868847,POST,166,201
1732162868877,POST,136,201
1732162868847,POST,166,201
1732162868846,POST,167,201
1732162868846,POST,167,201
1732162868846,POST,168,201
1732162868847,POST,167,201
1732162868847,POST,167,201
1732162868899,POST,148,201
1732162868877,POST,170,201
1732162868906,POST,141,201
1732162868898,POST,149,201
1732162868906,POST,141,201
1732162868899,POST,151,201
1732162868900,POST,150,201
1732162868847,POST,203,201
1732162868899,POST,163,201
1732162868895,POST,167,201
1732162868900,POST,162,201
1732162868907,POST,156,201
1732162868907,POST,156,201
1732162868907,POST,156,201
1732162868907,POST,156,201
1732162868910,POST,153,201
1732162868909,POST,154,201
1732162868877,POST,188,201
1732162868906,POST,159,201
1732162868908,POST,157,201
1732162868898,POST,167,201
1732162868907,POST,163,201
1732162868906,POST,164,201
1732162868907,POST,163,201
1732162868907,POST,163,201
1732162868907,POST,163,201
1732162868895,POST,175,201
1732162868906,POST,164,201
1732162868907,POST,163,201
1732162868907,POST,163,201
1732162868910,POST,160,201
1732162868908,POST,163,201
1732162868908,POST,163,201
1732162868908,POST,163,201
1732162868909,POST,162,201
1732162868903,POST,168,201
1732162868908,POST,163,201
1732162868907,POST,164,201
1732162868906,POST,173,201
1732162868906,POST,173,201
1732162868910,POST,169,201
1732162868907,POST,172,201
1732162868907,POST,172,201
1732162868907,POST,173,201
1732162868899,POST,183,201
1732162868899,POST,183,201
1732162868897,POST,185,201
1732162868897,POST,185,201
1732162868897,POST,185,201
1732162868898,POST,184,201
1732162868899,POST,183,201
1732162868899,POST,184,201
1732162868909,POST,174,201
1732162868908,POST,175,201
1732162868897,POST,186,201
1732162868913,POST,170,201
1732162868896,POST,187,201
1732162868896,POST,187,201
1732162868911,POST,172,201
1732162868910,POST,173,201
1732162868911,POST,172,201
1732162868911,POST,172,201
1732162868912,POST,171,201
1732162868896,POST,187,201
1732162868909,POST,175,201
1732162868911,POST,173,201
1732162868895,POST,189,201
1732162868909,POST,175,201
1732162868910,POST,174,201
1732162868911,POST,173,201
1732162868911,POST,173,201
1732162868911,POST,173,201
1732162868909,POST,175,201
1732162868911,POST,173,201
1732162868909,POST,175,201
1732162868910,POST,174,201
1732162868909,POST,176,201
1732162868909,POST,176,201
1732162868912,POST,173,201
1732162868912,POST,173,201
1732162868912,POST,173,201
1732162868908,POST,177,201
1732162868908,POST,177,201
1732162868933,POST,152,201
1732162868912,POST,173,201
1732162868919,POST,167,201
1732162868919,POST,167,201
1732162868919,POST,167,201
1732162868919,POST,167,201
1732162868919,POST,167,201
1732162868919,POST,167,201
1732162868920,POST,166,201
1732162868920,POST,166,201
1732162868920,POST,166,201
1732162868920,POST,166,201
1732162868921,POST,165,201
1732162868920,POST,166,201
1732162868920,POST,166,201
1732162868920,POST,166,201
1732162868920,POST,166,201
1732162868920,POST,166,201
1732162868906,POST,180,201
1732162868921,POST,166,201
1732162868920,POST,167,201
1732162868921,POST,166,201
1732162868921,POST,166,201
1732162868920,POST,168,201
1732162868921,POST,167,201
1732162868899,POST,189,201
1732162868921,POST,167,201
1732162868920,POST,168,201
1732162868920,POST,168,201
1732162868922,POST,166,201
1732162868921,POST,167,201
1732162868922,POST,166,201
1732162868910,POST,178,201
1732162868912,POST,177,201
1732162868922,POST,167,201
1732162868922,POST,167,201
1732162868923,POST,166,201
1732162868921,POST,168,201
1732162868922,POST,167,201
1732162868922,POST,167,201
1732162868922,POST,167,201
1732162868922,POST,167,201
1732162868922,POST,167,201
1732162868919,POST,170,201
1732162868923,POST,166,201
1732162868923,POST,166,201
1732162868933,POST,156,201
1732162868933,POST,156,201
1732162868922,POST,168,201
1732162868922,POST,168,201
1732162868908,POST,183,201
1732162868922,POST,169,201
1732162868922,POST,169,201
1732162868919,POST,172,201
1732162868933,POST,167,201
1732162868934,POST,166,201
1732162868933,POST,167,201
1732162868933,POST,167,201
1732162868933,POST,167,201
1732162868934,POST,166,201
1732162868934,POST,167,201
1732162868934,POST,167,201
1732162868934,POST,167,201
1732162868934,POST,167,201
1732162868934,POST,167,201
1732162868934,POST,167,201
1732162868934,POST,167,201
1732162868983,POST,119,201
1732162868975,POST,127,201
1732162868975,POST,127,201
1732162868975,POST,127,201
1732162868934,POST,168,201
1732162868975,POST,128,201
1732162868974,POST,129,201
1732162868975,POST,129,201
1732162868983,POST,121,201
1732162868980,POST,124,201
1732162868983,POST,121,201
1732162868981,POST,123,201
1732162868982,POST,122,201
1732162868981,POST,123,201
1732162868921,POST,183,201
1732162868980,POST,124,201
1732162868983,POST,121,201
1732162868982,POST,122,201
1732162868980,POST,168,201
1732162868980,POST,168,201
1732162868981,POST,167,201
1732162868983,POST,165,201
1732162868975,POST,174,201
1732162868993,POST,156,201
1732162868973,POST,176,201
1732162868993,POST,156,201
1732162868973,POST,176,201
1732162868989,POST,160,201
1732162868992,POST,157,201
1732162868973,POST,176,201
1732162868986,POST,163,201
1732162868991,POST,158,201
1732162868983,POST,166,201
1732162868986,POST,163,201
1732162868980,POST,170,201
1732162868993,POST,157,201
1732162868983,POST,167,201
1732162868993,POST,157,201
1732162868989,POST,161,201
1732162868973,POST,177,201
1732162868992,POST,167,201
1732162868989,POST,170,201
1732162868992,POST,167,201
1732162868994,POST,165,201
1732162868993,POST,167,201
1732162868989,POST,171,201
1732162868990,POST,170,201
1732162868991,POST,169,201
1732162868990,POST,170,201
1732162868991,POST,169,201
1732162868990,POST,170,201
1732162868993,POST,167,201
1732162868991,POST,169,201
1732162868993,POST,167,201
1732162868989,POST,171,201
1732162868992,POST,168,201
1732162868980,POST,180,201
1732162868993,POST,167,201
1732162868990,POST,170,201
1732162868990,POST,170,201
1732162868993,POST,167,201
1732162868991,POST,170,201
1732162868994,POST,167,201
1732162868994,POST,167,201
1732162868991,POST,170,201
1732162869007,POST,154,201
1732162868991,POST,170,201
1732162868991,POST,170,201
1732162868991,POST,170,201
1732162868991,POST,170,201
1732162868993,POST,168,201
1732162868990,POST,171,201
1732162868991,POST,170,201
1732162868991,POST,170,201
1732162869007,POST,155,201
1732162868994,POST,168,201
1732162868994,POST,168,201
1732162869007,POST,155,201
1732162869001,POST,161,201
1732162868994,POST,168,201
1732162869013,POST,149,201
1732162869007,POST,155,201
1732162868994,POST,168,201
1732162869006,POST,156,201
1732162869007,POST,155,201
1732162869007,POST,155,201
1732162869007,POST,155,201
1732162869006,POST,156,201
1732162869012,POST,150,201
1732162868990,POST,172,201
1732162869008,POST,155,201
1732162869007,POST,156,201
1732162869008,POST,155,201
1732162869007,POST,156,201
1732162869007,POST,156,201
1732162869007,POST,156,201
1732162869012,POST,159,201
1732162869008,POST,163,201
1732162869009,POST,162,201
1732162869008,POST,163,201
1732162869012,POST,160,201
1732162869011,POST,161,201
1732162869008,POST,164,201
1732162869012,POST,160,201
1732162869006,POST,166,201
1732162869013,POST,159,201
1732162869011,POST,161,201
1732162869010,POST,162,201
1732162869011,POST,161,201
1732162869010,POST,162,201
1732162869010,POST,162,201
1732162869009,POST,163,201
1732162869010,POST,162,201
1732162869014,POST,158,201
1732162869010,POST,162,201
1732162869010,POST,162,201
1732162869010,POST,162,201
1732162869050,POST,122,201
1732162869012,POST,160,201
1732162869011,POST,161,201
1732162869013,POST,160,201
1732162869013,POST,160,201
1732162869010,POST,164,201
1732162869012,POST,162,201
1732162869012,POST,162,201
1732162869010,POST,164,201
1732162869013,POST,161,201
1732162869013,POST,161,201
1732162869011,POST,163,201
1732162869011,POST,163,201
1732162869013,POST,161,201
1732162869013,POST,161,201
1732162869014,POST,160,201
1732162868991,POST,183,201
1732162868992,POST,182,201
1732162869014,POST,160,201
1732162868992,POST,182,201
1732162869012,POST,162,201
1732162868991,POST,183,201
1732162868992,POST,183,201
1732162868992,POST,183,201
1732162869063,POST,112,201
1732162868993,POST,182,201
1732162869047,POST,128,201
1732162869063,POST,112,201
1732162869071,POST,104,201
1732162869063,POST,114,201
1732162869063,POST,114,201
1732162869071,POST,106,201
1732162869063,POST,114,201
1732162869071,POST,106,201
1732162869071,POST,106,201
1732162869071,POST,106,201
1732162869071,POST,106,201
1732162869071,POST,106,201
1732162869065,POST,129,201
1732162869080,POST,114,201
1732162869079,POST,115,201
1732162869082,POST,112,201
1732162869082,POST,112,201
1732162869082,POST,113,201
1732162869083,POST,112,201
1732162869083,POST,112,201
1732162869086,POST,109,201
1732162869082,POST,113,201
1732162869082,POST,113,201
1732162869082,POST,113,201
1732162869083,POST,112,201
1732162869083,POST,112,201
1732162868991,POST,204,201
1732162869083,POST,112,201
1732162869083,POST,112,201
1732162869084,POST,111,201
1732162869082,POST,115,201
1732162869085,POST,112,201
1732162869083,POST,114,201
1732162869084,POST,113,201
1732162869085,POST,112,201
1732162869084,POST,113,201
1732162869085,POST,112,201
1732162869084,POST,113,201
1732162869085,POST,113,201
1732162869085,POST,113,201
1732162869085,POST,113,201
1732162869085,POST,113,201
1732162869086,POST,112,201
1732162869086,POST,112,201
1732162869086,POST,112,201
1732162869086,POST,112,201
1732162869087,POST,114,201
1732162869086,POST,115,201
1732162869086,POST,115,201
1732162869086,POST,115,201
1732162869086,POST,115,201
1732162869086,POST,115,201
1732162869089,POST,120,201
1732162869088,POST,121,201
1732162869084,POST,125,201
1732162869086,POST,123,201
1732162869091,POST,118,201
1732162869091,POST,118,201
1732162869089,POST,120,201
1732162869086,POST,123,201
1732162869088,POST,121,201
1732162869089,POST,120,201
1732162869088,POST,123,201
1732162869089,POST,123,201
1732162869100,POST,114,201
1732162869089,POST,125,201
1732162869089,POST,125,201
1732162869100,POST,114,201
1732162869089,POST,125,201
1732162869100,POST,115,201
1732162869086,POST,129,201
1732162869088,POST,127,201
1732162869087,POST,128,201
1732162869091,POST,124,201
1732162869088,POST,127,201
1732162869104,POST,111,201
1732162869100,POST,115,201
1732162869088,POST,127,201
1732162869089,POST,126,201
1732162869088,POST,127,201
1732162869086,POST,129,201
1732162869088,POST,127,201
1732162869087,POST,128,201
1732162869089,POST,126,201
1732162869089,POST,126,201
1732162869100,POST,116,201
1732162869091,POST,125,201
1732162869087,POST,129,201
1732162869100,POST,116,201
1732162869101,POST,115,201
1732162869090,POST,126,201
1732162869089,POST,127,201
1732162869101,POST,115,201
1732162869089,POST,127,201
1732162869101,POST,115,201
1732162869089,POST,127,201
1732162869101,POST,115,201
1732162869101,POST,115,201
1732162869088,POST,128,201
1732162869102,POST,114,201
1732162869088,POST,129,201
1732162869101,POST,116,201
1732162869150,POST,69,201
1732162869149,POST,70,201
1732162869149,POST,70,201
1732162869149,POST,70,201
1732162869174,POST,46,201
1732162869174,POST,46,201
1732162869175,POST,45,201
1732162869175,POST,45,201
1732162869174,POST,46,201
1732162869175,POST,45,201
1732162869174,POST,46,201
1732162869149,POST,72,201
1732162869195,POST,31,201
